{
    "1,1_0_0": {
        "left_time": [
            34.0,
            142.0
        ],
        "left_crop": -0.0468125,
        "left_onset": 27.49
    },
    "1,1_0_1": {
        "left_time": [
            81.0,
            180.0
        ],
        "left_crop": -0.024083333333333335,
        "left_onset": 70.58
    },
    "1,1_0_2": {
        "left_time": [
            58.0,
            161.0
        ],
        "left_crop": -0.6018333333333333,
        "left_onset": 48.525
    },
    "1,1_0_3": {
        "left_time": [
            68.0,
            176.0
        ],
        "left_crop": -7.121583333333334,
        "left_onset": 59.68
    },
    "1,1_1_0": {
        "left_time": [
            41.0,
            142.0
        ],
        "left_crop": -0.6189791666666666,
        "left_onset": 33.455
    },
    "1,1_1_1": {
        "left_time": [
            42.0,
            142.0
        ],
        "left_crop": -0.33275,
        "left_onset": 33.945
    },
    "1,1_1_2": {
        "left_time": [
            48.0,
            151.0
        ],
        "left_crop": -0.5458541666666666,
        "left_onset": 39.065
    },
    "1,1_1_3": {
        "left_time": [
            65.0,
            163.0
        ],
        "left_crop": -0.541125,
        "left_onset": 56.475
    },
    "1,1_2_0": {
        "left_time": [
            67.0,
            170.0
        ],
        "left_crop": -0.6085416666666666,
        "left_onset": 57.99
    },
    "1,1_2_1": {
        "left_time": [
            54.0,
            173.0
        ],
        "left_crop": -0.6253125,
        "left_onset": 45.805
    },
    "1,1_2_2": {
        "left_time": [
            32.0,
            141.0
        ],
        "left_crop": -0.5947083333333333,
        "left_onset": 24.535
    },
    "1,1_2_3": {
        "left_time": [
            39.0,
            162.0
        ],
        "left_crop": -0.6378541666666667,
        "left_onset": 32.54
    },
    "1,2_0_0": {
        "left_time": [
            39.0,
            148.0
        ],
        "left_crop": -0.5870625,
        "left_onset": 30.62
    },
    "1,2_0_1": {
        "left_time": [
            70.0,
            185.0
        ],
        "left_crop": -0.6222708333333333,
        "left_onset": 60.555
    },
    "1,2_0_2": {
        "left_time": [
            68.0,
            180.0
        ],
        "left_crop": -0.6175208333333333,
        "left_onset": 58.905
    },
    "1,2_0_3": {
        "left_time": [
            54.0,
            173.0
        ],
        "left_crop": -0.62275,
        "left_onset": 45.185
    },
    "1,2_1_0": {
        "left_time": [
            45.0,
            142.0
        ],
        "left_crop": -0.6295,
        "left_onset": 36.685
    },
    "1,2_1_1": {
        "left_time": [
            47.0,
            150.0
        ],
        "left_crop": -0.560125,
        "left_onset": 36.5
    },
    "1,2_1_2": {
        "left_time": [
            46.0,
            137.0
        ],
        "left_crop": -0.5254166666666666,
        "left_onset": 35.165
    },
    "1,2_1_3": {
        "left_time": [
            51.0,
            150.0
        ],
        "left_crop": -0.50825,
        "left_onset": 41.67
    },
    "1,2_2_0": {
        "left_time": [
            37.0,
            143.0
        ],
        "left_crop": -0.5655,
        "left_onset": 28.59
    },
    "1,2_2_1": {
        "left_time": [
            50.0,
            156.0
        ],
        "left_crop": -0.6552708333333334,
        "left_onset": 37.48
    },
    "1,2_2_2": {
        "left_time": [
            33.0,
            156.0
        ],
        "left_crop": -0.5636041666666667,
        "left_onset": 24.595
    },
    "1,2_2_3": {
        "left_time": [
            34.0,
            167.0
        ],
        "left_crop": -0.5616875,
        "left_onset": 24.6
    },
    "1,3_0_0": {
        "left_time": [
            42.0,
            143.0
        ],
        "left_crop": -0.5179375,
        "left_onset": 35.01
    },
    "1,3_0_1": {
        "left_time": [
            57.0,
            150.0
        ],
        "left_crop": -0.64025,
        "left_onset": 50.205
    },
    "1,3_0_2": {
        "left_time": [
            43.0,
            145.0
        ],
        "left_crop": -0.5962083333333333,
        "left_onset": 34.87
    },
    "1,3_0_3": {
        "left_time": [
            57.0,
            178.0
        ],
        "left_crop": -0.5617708333333333,
        "left_onset": 48.02
    },
    "1,3_1_0": {
        "left_time": [
            41.0,
            126.0
        ],
        "left_crop": -0.5305833333333333,
        "left_onset": 33.9
    },
    "1,3_1_1": {
        "left_time": [
            50.0,
            148.0
        ],
        "left_crop": -0.5785208333333334,
        "left_onset": 42.605
    },
    "1,3_1_2": {
        "left_time": [
            49.0,
            141.0
        ],
        "left_crop": -0.6134791666666667,
        "left_onset": 42.095
    },
    "1,3_1_3": {
        "left_time": [
            50.0,
            135.0
        ],
        "left_crop": -0.5512291666666667,
        "left_onset": 41.34
    },
    "1,3_2_0": {
        "left_time": [
            39.0,
            126.0
        ],
        "left_crop": -0.5728541666666667,
        "left_onset": 31.955
    },
    "1,3_2_1": {
        "left_time": [
            41.0,
            130.0
        ],
        "left_crop": -0.5956041666666667,
        "left_onset": 33.865
    },
    "1,3_2_2": {
        "left_time": [
            56.0,
            154.0
        ],
        "left_crop": -0.014854166666666667,
        "left_onset": 48.265
    },
    "1,3_2_3": {
        "left_time": [
            38.0,
            160.0
        ],
        "left_crop": -0.5845416666666666,
        "left_onset": 29.29
    },
    "2,1_0_0": {
        "left_time": [
            55.0,
            114.0
        ],
        "left_crop": -2.7525,
        "left_onset": 47.2911
    },
    "2,1_0_1": {
        "left_time": [
            67.0,
            146.0
        ],
        "left_crop": -0.5800625,
        "left_onset": 54.69
    },
    "2,1_0_2": {
        "left_time": [
            53.0,
            125.0
        ],
        "left_crop": -0.6088125,
        "left_onset": 44.755
    },
    "2,1_0_3": {
        "left_time": [
            52.0,
            134.0
        ],
        "left_crop": -0.49420833333333336,
        "left_onset": 42.28
    },
    "2,1_1_0": {
        "left_time": [
            42.0,
            107.0
        ],
        "left_crop": -0.5951875,
        "left_onset": 29.085
    },
    "2,1_1_1": {
        "left_time": [
            55.0,
            112.0
        ],
        "left_crop": -0.49716666666666665,
        "left_onset": 45.28
    },
    "2,1_1_2": {
        "left_time": [
            59.0,
            125.0
        ],
        "left_crop": -0.5704583333333333,
        "left_onset": 42.545
    },
    "2,1_1_3": {
        "left_time": [
            60.0,
            130.0
        ],
        "left_crop": -0.4971041666666667,
        "left_onset": 47.085
    },
    "2,1_2_0": {
        "left_time": [
            62.0,
            126.0
        ],
        "left_crop": -0.5690208333333333,
        "left_onset": 50.1
    },
    "2,1_2_1": {
        "left_time": [
            52.0,
            108.0
        ],
        "left_crop": -0.5619375,
        "left_onset": 41.885
    },
    "2,1_2_2": {
        "left_time": [
            64.0,
            126.0
        ],
        "left_crop": -0.5763541666666666,
        "left_onset": 49.455
    },
    "2,1_2_3": {
        "left_time": [
            42.0,
            102.0
        ],
        "left_crop": -0.5456666666666666,
        "left_onset": 32.25
    },
    "2,2_0_0": {
        "left_time": [
            40.0,
            105.0
        ],
        "left_crop": -0.5415833333333333,
        "left_onset": 28.495
    },
    "2,2_0_1": {
        "left_time": [
            62.0,
            137.0
        ],