{
    "1,1_0_0": {
        "left_crop": -0.0468125,
        "left_time": [34.00, 142.00],
        "left_onset_time": 27.495
    },
    "1,1_1_1": {
        "left_crop": 0.33275,
        "left_time": [41.00, 142.00],
        "left_onset_time": 33.96
    },
    "1,1_2_2": {
        "left_crop": 0.5947083333333333,
        "left_time": [32.00, 141.00],
        "left_onset_time": 24.54
    },
    "2,1_0_0": {
        "left_crop": 2.7525,
        "left_time": [54.00, 114.00],
        "left_onset_time": 47.2911
    },
    "2,1_1_1": {
        "left_crop": 0.49716666666666665,
        "left_time": [54.00, 112.00],
        "left_onset_time": 45.285
    },
    "2,1_2_2": {
        "left_crop": 0.5763541666666666,
        "left_time": [60.00, 127.00],
        "left_onset_time": 49.465
    }
}